Имя груза;Код товара;Товар;Тип товара;Статус;ПО;УП;Заказ;Документ клиента;Ячейка;Реальная ячейка;Упак.;Вн.упак.;Вид упаковки;К-во коробок;Кол-во;Дата произв-ва;Срок годн.;Объем (м3);Вес;Фактический вес;Категория;Маркер;Серийный номер;Товарная партия
B25123767;M6044;M6044 Баннер XPEL ULTIMATE PLUS WALL BANNER (3 X6 ) (Арт. M6044);Не задан;Отобран;262688;313020;827483;ЦБ-00000342;C911326;ОТГРУЖЕНО;Шт-1ед-19x97x3;Не задано;Не задан;0;1;16.04.2021 00:00;;        ,0100;       1,0000;       1,0000;Норма;-;-;-,0102676174457
P6443820;XPHPB0540-100;"XPHPB0540-100 Самоклеющаяся защитная пленка XPEL PRIME High Performance Black 5% 40"" x 100";Не задан;Доступен;262688;313020;0;ЦБ-00000342;C889925;S5-15-10-4;Кор-1ед-15x107x13;Шт-1ед-15x107x13;B120;6;6;16.04.2021 00:00;;        ,1300;      30,0000;      30,0000;Норма;-;-;-,0102676174457
P6443832;XPCSB7040-100;"XPCSB7040-100 Самоклеющаяся защитная пленка XPEL PRIME Color Stable Black 70% 40"" x 100";Не задан;Доступен;262688;313020;0;ЦБ-00000342;C913363;S5-17-03-3;Кор-1ед-15x107x13;Шт-1ед-14x100x12;B120;3;3;16.04.2021 00:00;;        ,0600;      15,0000;      15,0000;Норма;-;-;-,0102676174457
P6443750;XPCSB3540-100;"XPCSB3540-100 Самоклеющаяся защитная пленка XPEL PRIME Color Stable Black 35% 40"" x 100";Не задан;Доступен;262688;313020;0;ЦБ-00000342;C889925;S5-15-10-4;Кор-1ед-15x107x13;Шт-1ед-15x107x13;B120;7;7;16.04.2021 00:00;;        ,1500;      35,0000;      35,0000;Норма;-;-;-,0102676174457
P6443748;XPXRB7040-100;"XPXRB7040-100 Самоклеющаяся защитная пленка XPEL PRIME XR Black Nano-Ceramic 70% 40"" x 100";Не задан;Доступен;262688;313020;0;ЦБ-00000342;C889927;S5-17-05-5;Кор-1ед-16x108x13;Шт-1ед-16x108x13;B120;2;2;16.04.2021 00:00;;        ,0400;      10,0000;      10,0000;Норма;-;-;-,0102676174457
B25131134;XPXRPL0540-100;"XPXRPL0540-100 Самоклеющаяся защитная пленка XPEL PRIME XR PLUS 5% 40"" x 100";Не задан;Отобран;262688;313020;834390;ЦБ-00000342;C893139;ОТГРУЖЕНО;Кор-1ед-15x110x13;Шт-1ед-15x110x13;B120;2;2;16.04.2021 00:00;;        ,0400;      10,0000;      10,0000;Норма;-;-;-,0102676174457
B25131131;XPXRPL1540-100;"XPXRPL1540-100 Самоклеющаяся защитная пленка XPEL PRIME XR PLUS 15% 40"" x 100";Не задан;Отобран;262688;313020;834390;ЦБ-00000342;C893139;ОТГРУЖЕНО;Кор-1ед-15x110x13;Шт-1ед-15x110x13;B120;2;2;16.04.2021 00:00;;        ,0400;      10,0000;      10,0000;Норма;-;-;-,0102676174457
P6443745;XPXRPL1540-100;"XPXRPL1540-100 Самоклеющаяся защитная пленка XPEL PRIME XR PLUS 15% 40"" x 100";Не задан;Доступен;262688;313020;0;ЦБ-00000342;C889927;S5-17-05-5;Кор-1ед-15x110x13;Шт-1ед-15x110x13;B120;2;2;16.04.2021 00:00;;        ,0400;      10,0000;      10,0000;Норма;-;-;-,0102676174457
P6443797;M6004;M6004 Настенный информационный дисплей Wall Board Display XR Black;Не задан;Доступен;262688;313020;0;ЦБ-00000342;C889909;S5-16-12-6;Шт-1ед-68x98x5;Не задано;Не задан;0;1;16.04.2021 00:00;;        ,0300;       2,5000;       2,5000;Норма;-;-;-,0102676174457
P6443788;M5001S;M5001S Модель капота для демонстрации работы с пленкой (комплект из капота, пленки, щетки) Mini Hood;Не задан;Доступен;262688;313020;0;ЦБ-00000342;C889909;S5-16-12-6;Шт-1ед-42x42x5;Не задано;Не задан;0;1;16.04.2021 00:00;;        ,0100;        ,9000;        ,9000;Норма;-;-;-,0102676174457
B25123765;M4032;M4032 Баннер настенный PRIME Generic Wall Banner (90x180);Не задан;Отобран;262688;313020;827483;ЦБ-00000342;C911326;ОТГРУЖЕНО;Шт-1ед-19x96x19;Не задано;Не задан;0;1;16.04.2021 00:00;;        ,0300;       2,6000;       2,6000;Норма;-;-;-,0102676174457
P6443810;R1340-20;R1340-20 Гель для нанесения пленки XPEL Paint Protection Film Installation Gel 20 Liter;Не задан;Отобран;262688;313020;825591;ЦБ-00000342;C911018;ОТГРУЖЕНО;Шт-1ед-20x26x43;Не задано;Не задан;0;4;16.04.2021 00:00;;        ,0900;      80,0000;      80,0000;Норма;-;-;-,0102676174457
P6443817;XPHPB2060-100;"XPHPB2060-100 Самоклеющаяся защитная пленка XPEL PRIME High Performance Black 20% 60"" x 100";Не задан;Доступен;262688;313020;0;ЦБ-00000342;C889910;S5-23-23-3;Кор-1ед-13x157x15;Шт-1ед-13x157x15;B240;2;2;16.04.2021 00:00;;        ,0600;      14,2000;      14,2000;Норма;-;-;-,0102676174457
B25131132;XPXRPL7040-100;"XPXRPL7040-100 Самоклеющаяся защитная пленка XPEL PRIME XR PLUS 70% 40"" x 100";Не задан;Отобран;262688;313020;834390;ЦБ-00000342;C893139;ОТГРУЖЕНО;Кор-1ед-15x110x13;Шт-1ед-15x110x13;B120;2;2;16.04.2021 00:00;;        ,0400;      10,0000;      10,0000;Норма;-;-;-,0102676174457
P6443746;XHF30S5-50;"XHF30S5-50 Самоклеющаяся защитная пленка XPEL Slate 50 Headlight Film 30""x50";Не задан;Доступен;262688;313020;0;ЦБ-00000342;C889926;S5-17-16-6;Кор-1ед-19x82x19;Шт-1ед-19x82x19;B90;3;3;16.04.2021 00:00;;        ,0900;      13,8000;      13,8000;Норма;-;-;-,0102676174457
P6443826;XPXRPL3540-100;"XPXRPL3540-100 Самоклеющаяся защитная пленка XPEL PRIME XR PLUS 35% 40"" x 100";Не задан;Доступен;262688;313020;0;ЦБ-00000342;C889925;S5-15-10-4;Кор-1ед-15x108x14;Шт-1ед-15x108x14;B120;3;3;16.04.2021 00:00;;        ,0700;      15,0000;      15,0000;Норма;-;-;-,0102676174457
P6443808;M6003;M6003 Настенный информационный дисплей Wall Board Display HP Black;Не задан;Доступен;262688;313020;0;ЦБ-00000342;C889909;S5-16-12-6;Шт-1ед-68x98x5;Не задано;Не задан;0;1;16.04.2021 00:00;;        ,0300;       2,5000;       2,5000;Норма;-;-;-,0102676174457
P6443798;M6004;M6004 Настенный информационный дисплей Wall Board Display XR Black;Не задан;Доступен;262688;313020;0;ЦБ-00000342;C889909;S5-16-12-6;Шт-1ед-68x98x5;Не задано;Не задан;0;1;16.04.2021 00:00;;        ,0300;       2,5000;       2,5000;Норма;-;-;-,0102676174457
P6443789;M5001S;M5001S Модель капота для демонстрации работы с пленкой (комплект из капота, пленки, щетки) Mini Hood;Не задан;Доступен;262688;313020;0;ЦБ-00000342;C889909;S5-16-12-6;Шт-1ед-42x42x5;Не задано;Не задан;0;1;16.04.2021 00:00;;        ,0100;        ,9000;        ,9000;Норма;-;-;-,0102676174457
P6443785;M4032;M4032 Баннер настенный PRIME Generic Wall Banner (90x180);Не задан;Доступен;262688;313020;0;ЦБ-00000342;C889925;S5-15-10-4;Шт-1ед-19x96x19;Не задано;Не задан;0;3;16.04.2021 00:00;;        ,1000;       7,8000;       7,8000;Норма;-;-;-,0102676174457
B25115836;R1340-20;R1340-20 Гель для нанесения пленки XPEL Paint Protection Film Installation Gel 20 Liter;Не задан;Отобран;262688;313020;821086;ЦБ-00000342;C907372;ОТГРУЖЕНО;Шт-1ед-20x26x43;Не задано;Не задан;0;2;16.04.2021 00:00;;        ,0400;      40,0000;      40,0000;Норма;-;-;-,0102676174457
P6443830;XPHPB2040-100;"XPHPB2040-100 Самоклеющаяся защитная пленка XPEL PRIME High Performance Black 20% 40"" x 100";Не задан;Доступен;262688;313020;0;ЦБ-00000342;C913363;S5-17-03-3;Кор-1ед-15x107x13;Шт-1ед-15x107x13;B120;2;2;16.04.2021 00:00;;        ,0400;      10,0000;      10,0000;Норма;-;-;-,0102676174457
P6443829;XPCSB2040-100;"XPCSB2040-100 Самоклеющаяся защитная пленка XPEL PRIME Color Stable Black 20% 40"" x 100";Не задан;Доступен;262688;313020;0;ЦБ-00000342;C913363;S5-17-03-3;Кор-1ед-15x107x13;Шт-1ед-15x107x13;B120;6;6;16.04.2021 00:00;;        ,1300;      30,0000;      30,0000;Норма;-;-;-,0102676174457
P6443816;XPHPB3560-100;"XPHPB3560-100 Самоклеющаяся защитная пленка XPEL PRIME High Performance Black 35% 60"" x 100";Не задан;Доступен;262688;313020;0;ЦБ-00000342;C889910;S5-23-23-3;Кор-1ед-13x157x15;Шт-1ед-15x107x13;B240;2;2;16.04.2021 00:00;;        ,0600;      14,2000;      14,2000;Норма;-;-;-,0102676174457
P6443738;XPXRPL0540-100;"XPXRPL0540-100 Самоклеющаяся защитная пленка XPEL PRIME XR PLUS 5% 40"" x 100";Не задан;Доступен;262688;313020;0;ЦБ-00000342;C889927;S5-17-05-5;Кор-1ед-15x110x13;Шт-1ед-15x110x13;B120;1;1;16.04.2021 00:00;;        ,0200;       5,0000;       5,0000;Норма;-;-;-,0102676174457
P6443741;XPXRB0540-100;"XPXRB0540-100 Самоклеющаяся защитная пленка XPEL PRIME XR Black Nano-Ceramic 5% 40"" x 100";Не задан;Отобран;262688;313020;822859;ЦБ-00000342;C905900;ОТГРУЖЕНО;Кор-1ед-15x110x13;Шт-1ед-15x110x13;B120;1;1;16.04.2021 00:00;;        ,0200;       5,0000;       5,0000;Норма;-;-;-,0102676174457
B25123955;XPXRPL7040-100;"XPXRPL7040-100 Самоклеющаяся защитная пленка XPEL PRIME XR PLUS 70% 40"" x 100";Не задан;Отобран;262688;313020;829756;ЦБ-00000342;C913175;ОТГРУЖЕНО;Кор-1ед-15x110x13;Шт-1ед-15x110x13;B120;1;1;16.04.2021 00:00;;        ,0200;       5,0000;       5,0000;Норма;-;-;-,0102676174457
P6443833;XHF30S3-50;"XHF30S3-50 Самоклеющаяся защитная пленка XPEL Slate 35 Headlight Film 30""x50";Не задан;Доступен;262688;313020;0;ЦБ-00000342;C889926;S5-17-16-6;Кор-1ед-19x82x19;Шт-1ед-19x82x19;B90;1;1;16.04.2021 00:00;;        ,0300;       4,6000;       4,6000;Норма;-;-;-,0102676174457
P6443824;XPXRB3540-100;"XPXRB3540-100 Самоклеющаяся защитная пленка XPEL PRIME XR Black Nano-Ceramic 35% 40"" x 100";Не задан;Доступен;262688;313020;0;ЦБ-00000342;C889925;S5-15-10-4;Кор-1ед-15x108x14;Шт-1ед-15x108x14;B120;2;2;16.04.2021 00:00;;        ,0500;      10,0000;      10,0000;Норма;-;-;-,0102676174457
P6443814;M3063;M3063 Буклет с образцами защитной пленки CS Black Sample Book;Не задан;Доступен;262688;313020;0;ЦБ-00000342;C889924;S5-18-05-5;Шт-1ед-12x19x2;Не задано;Не задан;0;33;16.04.2021 00:00;;        ,0200;       5,9400;       5,9400;Норма;-;-;-,0102676174457
P6443793;M5001S;M5001S Модель капота для демонстрации работы с пленкой (комплект из капота, пленки, щетки) Mini Hood;Не задан;Доступен;262688;313020;0;ЦБ-00000342;C889909;S5-16-12-6;Шт-1ед-42x42x5;Не задано;Не задан;0;1;16.04.2021 00:00;;        ,0100;        ,9000;        ,9000;Норма;-;-;-,0102676174457
P6443737;XPXRB2040-100;"XPXRB2040-100 Самоклеющаяся тонировочная пленка XPEL PRIME XR Black Nano-Ceramic 20% 40"" x 100";Не задан;Доступен;262688;313020;0;ЦБ-00000342;C889927;S5-17-05-5;Кор-1ед-110x15x13;Шт-1ед-13x15x110;B120;4;4;16.04.2021 00:00;;        ,0900;      20,0000;      20,0000;Норма;-;-;-,0102676174457
P6443749;XPCSB0540-100;"XPCSB0540-100 Самоклеющаяся защитная пленка XPEL PRIME Color Stable Black 5% 40"" x 100";Не задан;Доступен;262688;313020;0;ЦБ-00000342;C913363;S5-17-03-3;Кор-1ед-15x107x13;Шт-1ед-15x107x13;B120;4;4;16.04.2021 00:00;;        ,0800;      20,0000;      20,0000;Норма;-;-;-,0102676174457
P6443836;XHF30S3-20;"XHF30S3-20 Самоклеющаяся защитная пленка XPEL Slate Headlight Film 35% (30""x20 ) (Арт. XHF30S3-20)";Не задан;Доступен;262688;313020;0;ЦБ-00000342;C899462;S5-15-04-4;Кор-1ед-19x82x19;Шт-1ед-19x82x19;B90;8;8;16.04.2021 00:00;;        ,2400;      20,4800;      20,4800;Норма;-;-;-,0102676174457
P6443834;XHF30SS20;"XHF30SS20 Самоклеющаяся защитная пленка XPEL Slate Smoke Headlight Film 25% (30""x20 )";Не задан;Доступен;262688;313020;0;ЦБ-00000342;C889926;S5-17-16-6;Кор-1ед-19x82x19;Шт-1ед-19x82x19;B90;8;8;16.04.2021 00:00;;        ,2400;      20,4800;      20,4800;Норма;-;-;-,0102676174457
P6443827;XPHPB3540-100;"XPHPB3540-100 Самоклеющаяся защитная пленка XPEL PRIME High Performance Black 35% 40"" x 100";Не задан;Доступен;262688;313020;0;ЦБ-00000342;C913363;S5-17-03-3;Кор-1ед-15x107x13;Шт-1ед-15x107x13;B120;2;2;16.04.2021 00:00;;        ,0400;      10,0000;      10,0000;Норма;-;-;-,0102676174457
P6443828;XPHPB5040-100;"XPHPB5040-100 Самоклеющаяся защитная пленка XPEL PRIME High Performance Black 50% 40"" x 100";Не задан;Доступен;262688;313020;0;ЦБ-00000342;C913363;S5-17-03-3;Кор-1ед-15x108x13;Шт-1ед-15x108x13;B120;1;1;16.04.2021 00:00;;        ,0200;       5,0000;       5,0000;Норма;-;-;-,0102676174457
P6443799;M6004;M6004 Настенный информационный дисплей Wall Board Display XR Black;Не задан;Доступен;262688;313020;0;ЦБ-00000342;C889909;S5-16-12-6;Шт-1ед-68x98x5;Не задано;Не задан;0;1;16.04.2021 00:00;;        ,0300;       2,5000;       2,5000;Норма;-;-;-,0102676174457
B25121872;R1340-20;R1340-20 Гель для нанесения пленки XPEL Paint Protection Film Installation Gel 20 Liter;Не задан;Отобран;262688;313020;825590;ЦБ-00000342;ОТГРУЖЕНО;ОТГРУЖЕНО;Шт-1ед-20x26x43;Не задано;Не задан;0;1;16.04.2021 00:00;;        ,0200;      20,0000;      20,0000;Норма;-;-;-,0102676174457
B25140398;XPF60US50;Самоклеющаяся защитная пленка XPEL STEALTH Paint Protection Film 60?x50? (Арт. XPF60US50);Не задан;Отобран;262688;313020;844444;ЦБ-00000342;C924454;ОТГРУЖЕНО;Кор-1ед-20x158x20;Шт-1ед-20x158x20;B240;1;1;16.04.2021 00:00;;        ,0600;      10,8000;      10,8000;Норма;-;-;-,0102676174457
P6443831;XPCSB1540-100;"XPCSB1540-100 Самоклеющаяся защитная пленка XPEL PRIME Color Stable Black 15% 40"" x 100";Не задан;Доступен;262688;313020;0;ЦБ-00000342;C913363;S5-17-03-3;Кор-1ед-15x107x13;Шт-1ед-15x107x13;B120;4;4;16.04.2021 00:00;;        ,0800;      20,0000;      20,0000;Норма;-;-;-,0102676174457
P6443803;XPCSB2060-100;"XPCSB2060-100 Самоклеющаяся защитная пленка XPEL PRIME Color Stable Black 20% 60"" x 100";Не задан;Доступен;262688;313020;0;ЦБ-00000342;C889910;S5-23-23-3;Кор-1ед-13x157x15;Шт-1ед-13x157x15;B240;3;3;16.04.2021 00:00;;        ,0900;      42,0000;      42,0000;Норма;-;-;-,0102676174457
B25122254;XPXRB7040-100;"XPXRB7040-100 Самоклеющаяся защитная пленка XPEL PRIME XR Black Nano-Ceramic 70% 40"" x 100";Не задан;Отобран;262688;313020;825591;ЦБ-00000342;C911018;ОТГРУЖЕНО;Кор-1ед-16x108x13;Шт-1ед-16x108x13;B120;1;1;16.04.2021 00:00;;        ,0200;       5,0000;       5,0000;Норма;-;-;-,0102676174457
P6443739;XPXRBL8040-100;"XPXRBL8040-100 Самоклеющаяся защитная пленка XPEL PRIME XR Blue Nano-Ceramic 80% 40"" x 100";Не задан;Доступен;262688;313020;0;ЦБ-00000342;C889927;S5-17-05-5;Кор-1ед-15x108x13;Шт-1ед-15x108x13;B120;3;3;16.04.2021 00:00;;        ,0600;      15,6600;      15,6600;Норма;-;-;-,0102676174457
B25131133;XPXRBL8040-100;"XPXRBL8040-100 Самоклеющаяся защитная пленка XPEL PRIME XR Blue Nano-Ceramic 80% 40"" x 100";Не задан;Отобран;262688;313020;834390;ЦБ-00000342;C893139;ОТГРУЖЕНО;Кор-1ед-15x108x13;Шт-1ед-15x108x13;B120;1;1;16.04.2021 00:00;;        ,0200;       5,2200;       5,2200;Норма;-;-;-,0102676174457
P6443825;XPXRPL2040-100;"XPXRPL2040-100 Самоклеющаяся защитная пленка XPEL PRIME XR PLUS 20% 40"" x 100";Не задан;Доступен;262688;313020;0;ЦБ-00000342;C889925;S5-15-10-4;Кор-1ед-15x108x14;Шт-1ед-15x108x14;B120;3;3;16.04.2021 00:00;;        ,0700;      15,0000;      15,0000;Норма;-;-;-,0102676174457
P6443813;M3068;M3068 Буклет с образцами защитной пленки XR Black Sample Book;Не задан;Доступен;262688;313020;0;ЦБ-00000342;C889924;S5-18-05-5;Шт-1ед-12x19x2;Не задано;Не задан;0;33;16.04.2021 00:00;;        ,0200;       5,9400;       5,9400;Норма;-;-;-,0102676174457
P6443800;M6004;M6004 Настенный информационный дисплей Wall Board Display XR Black;Не задан;Доступен;262688;313020;0;ЦБ-00000342;C889909;S5-16-12-6;Шт-1ед-68x98x5;Не задано;Не задан;0;1;16.04.2021 00:00;;        ,0300;       2,5000;       2,5000;Норма;-;-;-,0102676174457
P6443796;M6004;M6004 Настенный информационный дисплей Wall Board Display XR Black;Не задан;Доступен;262688;313020;0;ЦБ-00000342;C889909;S5-16-12-6;Шт-1ед-68x98x5;Не задано;Не задан;0;1;16.04.2021 00:00;;        ,0300;       2,5000;       2,5000;Норма;-;-;-,0102676174457
P6443795;M6006;M6006 Настенный информационный дисплей Wall Board Display XR Plus;Не задан;Доступен;262688;313020;0;ЦБ-00000342;C889909;S5-16-12-6;Шт-1ед-68x98x5;Не задано;Не задан;0;1;16.04.2021 00:00;;        ,0300;       2,5000;       2,5000;Норма;-;-;-,0102676174457
P6443756;M3064;M3064 Буклет с образцами защитной пленки HP Black Sample Book;Не задан;Доступен;262688;313020;0;ЦБ-00000342;C889926;S5-17-16-6;Шт-1ед-12x20x2;Не задано;Не задан;0;33;16.04.2021 00:00;;        ,0200;       4,6200;       4,6200;Норма;-;-;-,0102676174457
P6443819;XPHPB1560-100;"XPHPB1560-100 Самоклеющаяся защитная пленка XPEL PRIME High Performance Black 15% 60"" x 100";Не задан;Доступен;262688;313020;0;ЦБ-00000342;C889910;S5-23-23-3;Кор-1ед-13x157x15;Шт-1ед-13x157x15;B240;5;5;16.04.2021 00:00;;        ,1500;      35,5000;      35,5000;Норма;-;-;-,0102676174457
P6443805;XPCSB3560-100;"XPCSB3560-100 Самоклеющаяся защитная пленка XPEL PRIME Color Stable Black 35% 60"" x 100";Не задан;Доступен;262688;313020;0;ЦБ-00000342;C889910;S5-23-23-3;Кор-1ед-13x157x15;Шт-1ед-13x157x15;B240;3;3;16.04.2021 00:00;;        ,0900;      21,3000;      21,3000;Норма;-;-;-,0102676174457
P6443786;XUP48-50;"XUP48-50 Самоклеющаяся защитная пленка XPEL ULTIMATE PLUS Paint Protection Film (48""x50 )";Не задан;Доступен;262688;313020;0;ЦБ-00000342;C889911;NG-01-1;Кор-1ед-22x126x19;Шт-1ед-22x126x19;B240;3;3;16.04.2021 00:00;;        ,1600;      19,3200;      19,3200;Норма;-;-;-,0102676174457
B25140399;XUP48-50;"XUP48-50 Самоклеющаяся защитная пленка XPEL ULTIMATE PLUS Paint Protection Film (48""x50 )";Не задан;Отобран;262688;313020;844444;ЦБ-00000342;C924454;ОТГРУЖЕНО;Кор-1ед-22x126x19;Шт-1ед-22x126x19;B240;1;1;16.04.2021 00:00;;        ,0500;       6,4400;       6,4400;Норма;-;-;-,0102676174457
B25123983;XPXRBL8040-100;"XPXRBL8040-100 Самоклеющаяся защитная пленка XPEL PRIME XR Blue Nano-Ceramic 80% 40"" x 100";Не задан;Отобран;262688;313020;829756;ЦБ-00000342;C913175;ОТГРУЖЕНО;Кор-1ед-15x108x13;Шт-1ед-15x108x13;B120;2;2;16.04.2021 00:00;;        ,0400;      10,4400;      10,4400;Норма;-;-;-,0102676174457
P6443742;XPXRPL7040-100;"XPXRPL7040-100 Самоклеющаяся защитная пленка XPEL PRIME XR PLUS 70% 40"" x 100";Не задан;Доступен;262688;313020;0;ЦБ-00000342;C889927;S5-17-05-5;Кор-1ед-15x110x13;Шт-1ед-15x110x13;B120;1;1;16.04.2021 00:00;;        ,0200;       5,0000;       5,0000;Норма;-;-;-,0102676174457
B25119020;XPCSB8860-100;"XPCSB8860-100 Самоклеющаяся защитная пленка XPEL PRIME CS Black 88% 60"" x 100";Не задан;Отобран;262688;313020;823165;ЦБ-00000342;ОТГРУЖЕНО;ОТГРУЖЕНО;Кор-1ед-15x158x14;Шт-1ед-15x158x14;B240;1;1;16.04.2021 00:00;;        ,0300;       8,0000;       8,0000;Норма;-;-;-,0102676174457
P6443807;M6001;M6001 Настенный информационный дисплей Wall Board Display CS Black;Не задан;Доступен;262688;313020;0;ЦБ-00000342;C889909;S5-16-12-6;Шт-1ед-68x98x5;Не задано;Не задан;0;1;16.04.2021 00:00;;        ,0300;       2,5000;       2,5000;Норма;-;-;-,0102676174457
P6443794;M6006;M6006 Настенный информационный дисплей Wall Board Display XR Plus;Не задан;Доступен;262688;313020;0;ЦБ-00000342;C889909;S5-16-12-6;Шт-1ед-68x98x5;Не задано;Не задан;0;1;16.04.2021 00:00;;        ,0300;       2,5000;       2,5000;Норма;-;-;-,0102676174457
P6443790;M5001S;M5001S Модель капота для демонстрации работы с пленкой (комплект из капота, пленки, щетки) Mini Hood;Не задан;Доступен;262688;313020;0;ЦБ-00000342;C889909;S5-16-12-6;Шт-1ед-42x42x5;Не задано;Не задан;0;1;16.04.2021 00:00;;        ,0100;        ,9000;        ,9000;Норма;-;-;-,0102676174457
P6443811;R1340-4;Гель для нанесения пленки XPEL Paint Protection Film Installation Gel 4 Liter (Арт. R1340-4);Не задан;Отобран;262688;313020;837785;ЦБ-00000342;C918773;ОТГРУЖЕНО;Шт-1ед-13x16x26;Не задано;Не задан;0;80;16.04.2021 00:00;;        ,4300;     328,0000;     328,0000;Брак;-;-;-,0102676174457
P6546133;R1340-4;Гель для нанесения пленки XPEL Paint Protection Film Installation Gel 4 Liter (Арт. R1340-4);Не задан;Доступен;262688;313020;0;ЦБ-00000342;S5-20-15-2;S5-20-15-2;Пал-16кор-83x125x105;Кор-4ед-27x37x30;PE1L;2;8;16.04.2021 00:00;;        ,0600;      48,8000;      32,8000;Норма;-;-;-,0102676174457
P6443801;XPF60US50;Самоклеющаяся защитная пленка XPEL STEALTH Paint Protection Film 60?x50? (Арт. XPF60US50);Не задан;Доступен;262688;313020;0;ЦБ-00000342;C889911;NG-01-1;Кор-1ед-20x158x20;Шт-1ед-20x158x20;B240;9;9;16.04.2021 00:00;;        ,5700;      97,2000;      97,2000;Норма;-;-;-,0102676174457
P6443802;XUP60-50;XUP60-50 Самоклеющаяся защитная пленка XPEL Ultimate Plus Protection Film 60?x50;Не задан;Отобран;262688;313020;822859;ЦБ-00000342;C905900;ОТГРУЖЕНО;Кор-1ед-20x158x20;Шт-1ед-20x158x20;B240;6;6;16.04.2021 00:00;;        ,3800;      63,0000;      63,0000;Норма;-;-;-,0102676174457
P6443835;XHF30S5-20;"XHF30S5-20 Самоклеющаяся защитная пленка XPEL Slate Headlight Film 50% (30""x20 ) (Арт. XHF30S5-20)";Не задан;Доступен;262688;313020;0;ЦБ-00000342;C899461;S5-18-06-4;Кор-1ед-19x82x19;Шт-1ед-19x82x19;B90;12;12;16.04.2021 00:00;;        ,3600;      30,7200;      30,7200;Норма;-;-;-,0102676174457
P6443747;XHF30SS50;"XHF30SS50 Самоклеющаяся защитная пленка XPEL Slate Smoke Headlight Film 30""x50";Не задан;Доступен;262688;313020;0;ЦБ-00000342;C899462;S5-15-04-4;Кор-1ед-19x82x19;Шт-1ед-19x82x19;B90;3;3;16.04.2021 00:00;;        ,0900;      13,8000;      13,8000;Норма;-;-;-,0102676174457
B25123984;M3067;M3067 Буклет с образцами защитной пленки XR Plus Sample Book;Не задан;Отобран;262688;313020;829757;ЦБ-00000342;C913176;ОТГРУЖЕНО;Шт-1ед-12x19x2;Не задано;Не задан;0;2;16.04.2021 00:00;;        ,0000;        ,3600;        ,3600;Норма;-;-;-,0102676174457
P6443806;M6001;M6001 Настенный информационный дисплей Wall Board Display CS Black;Не задан;Доступен;262688;313020;0;ЦБ-00000342;C889909;S5-16-12-6;Шт-1ед-68x98x5;Не задано;Не задан;0;1;16.04.2021 00:00;;        ,0300;       2,5000;       2,5000;Норма;-;-;-,0102676174457
P6443791;M5001S;M5001S Модель капота для демонстрации работы с пленкой (комплект из капота, пленки, щетки) Mini Hood;Не задан;Доступен;262688;313020;0;ЦБ-00000342;C889909;S5-16-12-6;Шт-1ед-42x42x5;Не задано;Не задан;0;1;16.04.2021 00:00;;        ,0100;        ,9000;        ,9000;Норма;-;-;-,0102676174457
P6443784;M4033;M4033 Баннер настенный PRIME XR Wall Banner;Не задан;Доступен;262688;313020;0;ЦБ-00000342;C889925;S5-15-10-4;Шт-1ед-19x96x19;Не задано;Не задан;0;3;16.04.2021 00:00;;        ,1000;       8,7000;       8,7000;Норма;-;-;-,0102676174457
B25123766;M4033;M4033 Баннер настенный PRIME XR Wall Banner;Не задан;Отобран;262688;313020;827483;ЦБ-00000342;C911326;ОТГРУЖЕНО;Шт-1ед-19x96x19;Не задано;Не задан;0;1;16.04.2021 00:00;;        ,0300;       2,9000;       2,9000;Норма;-;-;-,0102676174457
B25115839;XUP60-50;XUP60-50 Самоклеющаяся защитная пленка XPEL Ultimate Plus Protection Film 60?x50;Не задан;Отобран;262688;313020;821085;ЦБ-00000342;C907371;ОТГРУЖЕНО;Кор-1ед-20x158x20;Шт-1ед-20x158x20;B240;1;1;16.04.2021 00:00;;        ,0600;      10,5000;      10,5000;Норма;-;-;-,0102676174457
P6443812;R1364;R1364 Жидкое керамическое покрытие FUSION PLUS Ceramic Coating (Арт. R1364);Не задан;Доступен;262688;313020;0;ЦБ-00000342;C889924;S5-18-05-5;Кор-1ед-12x19x2;Шт-1ед-12x19x2;B20;20;20;16.04.2021 00:00;;        ,0100;       6,0000;       6,0000;Норма;-;-;-,0102676174457
P6443782;M6044;M6044 Баннер XPEL ULTIMATE PLUS WALL BANNER (3 X6 ) (Арт. M6044);Не задан;Доступен;262688;313020;0;ЦБ-00000342;C889925;S5-15-10-4;Шт-1ед-19x97x3;Не задано;Не задан;0;7;16.04.2021 00:00;;        ,0400;       7,0000;       7,0000;Норма;-;-;-,0102676174457
P6443818;XPHPB5060-100;"XPHPB5060-100 Самоклеющаяся защитная пленка XPEL PRIME High Performance Black 50% 60"" x 100";Не задан;Доступен;262688;313020;0;ЦБ-00000342;C889910;S5-23-23-3;Кор-1ед-13x157x15;Шт-1ед-13x157x15;B240;2;2;16.04.2021 00:00;;        ,0600;      14,2000;      14,2000;Норма;-;-;-,0102676174457
B25118358;XPXRB3540-100;"XPXRB3540-100 Самоклеющаяся защитная пленка XPEL PRIME XR Black Nano-Ceramic 35% 40"" x 100";Не задан;Отобран;262688;313020;822859;ЦБ-00000342;C905900;ОТГРУЖЕНО;Кор-1ед-15x108x14;Шт-1ед-15x108x14;B120;1;1;16.04.2021 00:00;;        ,0200;       5,0000;       5,0000;Норма;-;-;-,0102676174457
P6443815;M3067;M3067 Буклет с образцами защитной пленки XR Plus Sample Book;Не задан;Отобран;262688;313020;834390;ЦБ-00000342;ОТГРУЖЕНО;ОТГРУЖЕНО;Шт-1ед-12x19x2;Не задано;Не задан;0;2;16.04.2021 00:00;;        ,0000;        ,3600;        ,3600;Норма;-;-;-,0102676174457
P6443754;XPCSB8860-100;"XPCSB8860-100 Самоклеющаяся защитная пленка XPEL PRIME CS Black 88% 60"" x 100";Не задан;Отобран;262688;313020;824269;ЦБ-00000342;ОТГРУЖЕНО;ОТГРУЖЕНО;Кор-1ед-15x158x14;Шт-1ед-15x158x14;B240;2;2;16.04.2021 00:00;;        ,0700;      16,0000;      16,0000;Норма;-;-;-,0102676174457
P6443787;M5001S;M5001S Модель капота для демонстрации работы с пленкой (комплект из капота, пленки, щетки) Mini Hood;Не задан;Доступен;262688;313020;0;ЦБ-00000342;C889909;S5-16-12-6;Шт-1ед-42x42x5;Не задано;Не задан;0;1;16.04.2021 00:00;;        ,0100;        ,9000;        ,9000;Норма;-;-;-,0102676174457
